USE minsa_digital;

-- ESPECIALIDADES
INSERT INTO especialidades (nombre, descripcion) VALUES
('Medicina General','Atención primaria general'),
('Cardiología','Enfermedades del corazón'),
('Pediatría','Atención a menores de edad'),
('Ginecología','Salud femenina y reproductiva'),
('Neurología','Sistema nervioso'),
('Traumatología','Huesos y articulaciones'),
('Dermatología','Enfermedades de la piel'),
('Oftalmología','Salud visual'),
('Psiquiatría','Salud mental'),
('Endocrinología','Sistema hormonal'),
('Oncología','Tratamiento del cáncer'),
('Gastroenterología','Sistema digestivo'),
('Neumología','Sistema respiratorio'),
('Urología','Sistema urinario'),
('Reumatología','Enfermedades autoinmunes'),
('Otorrinolaringología','Oídos, nariz y garganta'),
('Hematología','Enfermedades de la sangre'),
('Nefrología','Enfermedades renales'),
('Infectología','Enfermedades infecciosas'),
('Anestesiología','Sedación y control del dolor'),
('Cirugía General','Procedimientos quirúrgicos'),
('Radiología','Diagnóstico por imágenes'),
('Nutrición','Alimentación y dieta'),
('Medicina Física','Rehabilitación física'),
('Geriatría','Atención al adulto mayor'),
('Inmunología','Sistema inmune'),
('Neonatología','Recién nacidos'),
('Medicina Interna','Enfermedades internas'),
('Odontología','Salud bucal'),
('Psicología','Salud mental no psiquiátrica');

-- UBICACIONES
INSERT INTO ubicaciones (departamento, provincia, distrito) VALUES
('Lima','Lima','Miraflores'),
('Lima','Lima','San Isidro'),
('Lima','Lima','Surco'),
('Lima','Lima','La Molina'),
('Lima','Lima','Ate'),
('Lima','Lima','San Juan de Lurigancho'),
('Arequipa','Arequipa','Cercado'),
('Arequipa','Arequipa','Yanahuara'),
('Cusco','Cusco','Wanchaq'),
('Cusco','Cusco','Santiago'),
('La Libertad','Trujillo','Trujillo'),
('La Libertad','Trujillo','El Porvenir'),
('Piura','Piura','Piura'),
('Piura','Piura','Castilla'),
('Lambayeque','Chiclayo','Chiclayo'),
('Lambayeque','Chiclayo','La Victoria'),
('Junín','Huancayo','El Tambo'),
('Junín','Huancayo','Huancayo'),
('Ica','Ica','Ica'),
('Ica','Ica','Nazca'),
('Loreto','Maynas','Iquitos'),
('Ucayali','Coronel Portillo','Callería'),
('Puno','Puno','Puno'),
('Tacna','Tacna','Tacna'),
('Moquegua','Mariscal Nieto','Moquegua'),
('Tumbes','Tumbes','Tumbes'),
('Amazonas','Chachapoyas','Chachapoyas'),
('Huánuco','Huánuco','Huánuco'),
('Ayacucho','Huamanga','Ayacucho'),
('Cajamarca','Cajamarca','Cajamarca');

-- ESTABLECIMIENTOS
INSERT INTO establecimientos_salud (nombre, direccion, id_ubicacion, tipo) VALUES
('Hospital Nacional Edgardo Rebagliati','Av. Edgardo Rebagliati 490',1,'Hospital'),
('Clínica San Isidro','Av. Javier Prado 320',2,'Clínica'),
('Centro de Salud Surco','Av. Primavera 110',3,'Centro de Salud'),
('Hospital La Molina','Av. Raul Ferrero 1080',4,'Hospital'),
('Posta Médica Ate','Av. Nicolas Arriola 80',5,'Posta'),
('Hospital San Juan de Lurigancho','Av. Canto Grande 200',6,'Hospital'),
('Hospital Honorio Delgado','Av. Daniel Alcides Carrión 505',7,'Hospital'),
('Clínica Yanahuara','Urb. Yanahuara Mz. A',8,'Clínica'),
('Hospital Regional Cusco','Av. Cultura 1350',9,'Hospital'),
('Centro de Salud Santiago','Jr. Arequipa 100',10,'Centro de Salud'),
('Hospital Víctor Lazarte','Av. Larco 800',11,'Hospital'),
('Posta El Porvenir','Calle Los Pinos 40',12,'Posta'),
('Hospital Santa Rosa Piura','Av. Independencia 555',13,'Hospital'),
('Centro de Salud Castilla','Av. Sánchez Cerro 200',14,'Centro de Salud'),
('Hospital Regional Chiclayo','Av. Luis Gonzales 635',15,'Hospital'),
('Posta La Victoria','Av. Venezuela 50',16,'Posta'),
('Hospital El Carmen','Jr. Ica 256',17,'Hospital'),
('Centro de Salud Huancayo','Av. Ferrocarril 120',18,'Centro de Salud'),
('Hospital San José Ica','Av. Municipalidad 300',19,'Hospital'),
('Posta Nazca','Jr. Lima 45',20,'Posta'),
('Hospital Regional Iquitos','Av. 28 de Julio 900',21,'Hospital'),
('Centro de Salud Callería','Jr. Ucayali 200',22,'Centro de Salud'),
('Hospital Manuel Núñez Butrón','Av. El Puerto 100',23,'Hospital'),
('Hospital Daniel Alcides Carrión Tacna','Av. Bolognesi 500',24,'Hospital'),
('Centro de Salud Moquegua','Av. Mariscal Nieto 80',25,'Centro de Salud'),
('Hospital JAMO Tumbes','Av. Tumbes Norte 200',26,'Hospital'),
('Hospital Chachapoyas','Jr. Ortiz Arrieta 100',27,'Hospital'),
('Hospital Regional Huánuco','Av. Damaso Beraún 550',28,'Hospital'),
('Hospital Regional Ayacucho','Jr. Independencia 355',29,'Hospital'),
('Hospital Regional Cajamarca','Av. Mario Urteaga 500',30,'Hospital');

-- MÉDICOS
INSERT INTO medicos (nombres, apellidos, cmp, id_especialidad) VALUES
('Carlos','Quispe Ramos','CMP001',1),
('María','Torres Flores','CMP002',2),
('Jorge','Mendoza Vega','CMP003',3),
('Ana','López Cárdenas','CMP004',4),
('Luis','Huamán Paredes','CMP005',5),
('Rosa','Castillo Rivera','CMP006',6),
('Pedro','García Sánchez','CMP007',7),
('Lucía','Vargas Díaz','CMP008',8),
('Miguel','Rojas Herrera','CMP009',9),
('Sandra','Núñez Pinto','CMP010',10),
('Raúl','Chávez Espinoza','CMP011',11),
('Patricia','Salazar Mora','CMP012',12),
('Eduardo','Medina Tello','CMP013',13),
('Carmen','Aguilar Ruiz','CMP014',14),
('Andrés','Benavides Cruz','CMP015',15),
('Teresa','Ortega Luna','CMP016',16),
('Fernando','Paz Villanueva','CMP017',17),
('Isabel','Ramírez Soto','CMP018',18),
('Gonzalo','Delgado Fuentes','CMP019',19),
('Verónica','Mora Alarcón','CMP020',20),
('Hector','Villar Campos','CMP021',1),
('Diana','Ccopa Quispe','CMP022',3),
('Roberto','Llerena Puma','CMP023',2),
('Silvia','Apaza Mamani','CMP024',4),
('Jhon','Condori Huanca','CMP025',5),
('Milagros','Sulca Peña','CMP026',6),
('Renato','Iturrizaga León','CMP027',7),
('Fátima','Reyes Arce','CMP028',8),
('César','Benites Tapia','CMP029',9),
('Natalia','Cárdenas Vela','CMP030',10);

-- MEDICO_ESTABLECIMIENTO
INSERT INTO medico_establecimiento (id_medico, id_establecimiento) VALUES
(1,1),(2,1),(3,2),(4,2),(5,3),(6,3),(7,4),(8,4),(9,5),(10,5),
(11,6),(12,6),(13,7),(14,7),(15,8),(16,8),(17,9),(18,9),(19,10),(20,10),
(21,11),(22,11),(23,12),(24,12),(25,13),(26,13),(27,14),(28,14),(29,15),(30,15);

-- USUARIOS_PACIENTES
INSERT INTO usuarios_pacientes (tipo_documento, numero_documento, password_hash, nombres, apellidos, fecha_nacimiento, codigo_verificacion, rol, id_titular) VALUES
('DNI','12345678','$2b$10$abc1','Juan','Pérez García','1990-05-12','VER001','paciente',NULL),
('DNI','23456789','$2b$10$abc2','María','Quispe Ramos','1985-03-22','VER002','paciente',NULL),
('DNI','34567890','$2b$10$abc3','Carlos','Torres Lima','1978-11-01','VER003','paciente',NULL),
('DNI','45678901','$2b$10$abc4','Ana','Flores Díaz','1995-07-30','VER004','paciente',NULL),
('DNI','56789012','$2b$10$abc5','Luis','Mamani Huanca','1982-02-14','VER005','paciente',NULL),
('DNI','67890123','$2b$10$abc6','Rosa','Ccopa Apaza','1970-09-05','VER006','paciente',NULL),
('DNI','78901234','$2b$10$abc7','Pedro','Condori Suma','1999-12-25','VER007','paciente',NULL),
('DNI','89012345','$2b$10$abc8','Lucía','Vargas Pinto','2001-04-18','VER008','paciente',NULL),
('DNI','90123456','$2b$10$abc9','Miguel','Rojas Vera','1965-08-09','VER009','paciente',NULL),
('DNI','01234567','$2b$10$abc0','Sandra','Núñez Tello','1993-01-27','VER010','paciente',NULL),
('DNI','11223344','$2b$10$abca','Jorge','Medina Ruiz','1988-06-15','VER011','paciente',NULL),
('DNI','22334455','$2b$10$abcb','Carmen','Salazar Cruz','1975-10-03','VER012','paciente',NULL),
('DNI','33445566','$2b$10$abcc','Eduardo','Paz Soto','1992-03-21','VER013','paciente',NULL),
('DNI','44556677','$2b$10$abcd','Teresa','Ortega Mora','1980-07-11','VER014','paciente',NULL),
('DNI','55667788','$2b$10$abce','Fernando','Benites Asto','1997-09-28','VER015','paciente',NULL),
('DNI','66778899','$2b$10$abcf','Isabel','Chávez Rivas','1969-12-02','VER016','paciente',NULL),
('DNI','77889900','$2b$10$abcg','Gonzalo','Reyes Tapia','2000-05-17','VER017','paciente',NULL),
('DNI','88990011','$2b$10$abch','Verónica','Delgado Vela','1984-08-30','VER018','paciente',NULL),
('DNI','99001122','$2b$10$abci','Hector','Llerena León','1991-02-07','VER019','paciente',NULL),
('DNI','10111213','$2b$10$abcj','Diana','Sulca Arce','1987-11-19','VER020','paciente',NULL),
('DNI','20212223','$2b$10$abck','Roberto','Villar Campos','1973-04-25','VER021','paciente',NULL),
('DNI','30313233','$2b$10$abcl','Silvia','Iturrizaga Peña','1996-01-08','VER022','paciente',NULL),
('DNI','40414243','$2b$10$abcm','Jhon','Benavides Cárdenas','2003-06-14','VER023','paciente',NULL),
('DNI','50515253','$2b$10$abcn','Milagros','Aguilar Luna','1979-03-31','VER024','paciente',NULL),
('DNI','60616263','$2b$10$abco','Renato','Castillo Fuentes','1994-10-22','VER025','paciente',NULL),
('DNI','70717273','$2b$10$abcp','Fátima','García Alarcón','1983-07-06','VER026','paciente',NULL),
('DNI','80818283','$2b$10$abcq','César','Huamán Rivera','2002-09-13','VER027','paciente',NULL),
('DNI','90919293','$2b$10$abcr','Natalia','López Paredes','1976-12-29','VER028','paciente',NULL),
('DNI','11121314','$2b$10$abcs','Álvaro','Mendoza Herrera','1998-05-04','VER029','paciente',NULL),
('DNI','21222324','$2b$10$abct','Patricia','Ramírez Espinoza','1986-08-16','VER030','paciente',NULL);

-- ADMIN_USUARIOS
INSERT INTO admin_usuarios (nombre, email, password_hash, rol) VALUES
('Admin Principal','admin@minsa.gob.pe','$2b$10$adm1','superadmin'),
('Gestor Lima','gestor.lima@minsa.gob.pe','$2b$10$adm2','admin'),
('Gestor Arequipa','gestor.arequipa@minsa.gob.pe','$2b$10$adm3','admin'),
('Gestor Cusco','gestor.cusco@minsa.gob.pe','$2b$10$adm4','admin'),
('Gestor Trujillo','gestor.trujillo@minsa.gob.pe','$2b$10$adm5','admin'),
('Soporte TI','soporte@minsa.gob.pe','$2b$10$adm6','soporte'),
('Auditor 1','auditor1@minsa.gob.pe','$2b$10$adm7','auditor'),
('Auditor 2','auditor2@minsa.gob.pe','$2b$10$adm8','auditor'),
('Gestor Piura','gestor.piura@minsa.gob.pe','$2b$10$adm9','admin'),
('Gestor Chiclayo','gestor.chiclayo@minsa.gob.pe','$2b$10$adm10','admin'),
('Gestor Iquitos','gestor.iquitos@minsa.gob.pe','$2b$10$adm11','admin'),
('Gestor Puno','gestor.puno@minsa.gob.pe','$2b$10$adm12','admin'),
('Gestor Tacna','gestor.tacna@minsa.gob.pe','$2b$10$adm13','admin'),
('Gestor Huánuco','gestor.huanuco@minsa.gob.pe','$2b$10$adm14','admin'),
('Gestor Ayacucho','gestor.ayacucho@minsa.gob.pe','$2b$10$adm15','admin'),
('Gestor Cajamarca','gestor.cajamarca@minsa.gob.pe','$2b$10$adm16','admin'),
('Gestor Junín','gestor.junin@minsa.gob.pe','$2b$10$adm17','admin'),
('Gestor Ica','gestor.ica@minsa.gob.pe','$2b$10$adm18','admin'),
('Gestor Tumbes','gestor.tumbes@minsa.gob.pe','$2b$10$adm19','admin'),
('Gestor Amazonas','gestor.amazonas@minsa.gob.pe','$2b$10$adm20','admin'),
('Reportes','reportes@minsa.gob.pe','$2b$10$adm21','reportes'),
('Monitor 1','monitor1@minsa.gob.pe','$2b$10$adm22','monitor'),
('Monitor 2','monitor2@minsa.gob.pe','$2b$10$adm23','monitor'),
('Capacitador','capacitador@minsa.gob.pe','$2b$10$adm24','capacitador'),
('Consultor 1','consultor1@minsa.gob.pe','$2b$10$adm25','consultor'),
('Consultor 2','consultor2@minsa.gob.pe','$2b$10$adm26','consultor'),
('Estadístico','estadistica@minsa.gob.pe','$2b$10$adm27','estadistico'),
('Seguridad','seguridad@minsa.gob.pe','$2b$10$adm28','seguridad'),
('Backup Admin','backup@minsa.gob.pe','$2b$10$adm29','admin'),
('Admin Emergencias','emergencias@minsa.gob.pe','$2b$10$adm30','admin');

-- ADMIN_LOG
INSERT INTO admin_log (id_admin, accion, tabla_afectada, registro_id) VALUES
(1,'CREATE','usuarios_pacientes',1),(1,'UPDATE','citas',2),(2,'DELETE','cupos_disponibles',3),
(2,'CREATE','medicos',4),(3,'UPDATE','establecimientos_salud',5),(3,'CREATE','especialidades',6),
(4,'DELETE','recetas',7),(4,'UPDATE','referencias',8),(5,'CREATE','citas',9),
(5,'UPDATE','usuarios_pacientes',10),(6,'CREATE','cupos_disponibles',11),(6,'DELETE','medicos',12),
(7,'UPDATE','recetas',13),(7,'CREATE','admin_usuarios',14),(8,'DELETE','citas',15),
(8,'UPDATE','establecimientos_salud',16),(9,'CREATE','referencias',17),(9,'UPDATE','receta_detalle',18),
(10,'DELETE','registro_vacunas',19),(10,'CREATE','ubicaciones',20),(11,'UPDATE','medicamentos',21),
(11,'CREATE','citas',22),(12,'DELETE','referencias',23),(12,'UPDATE','cupos_disponibles',24),
(13,'CREATE','receta_detalle',25),(13,'UPDATE','medicos',26),(14,'DELETE','citas',27),
(14,'CREATE','usuarios_pacientes',28),(15,'UPDATE','especialidades',29),(15,'DELETE','admin_log',30);

-- CUPOS_DISPONIBLES
INSERT INTO cupos_disponibles (id_medico, id_establecimiento, fecha, hora, slots_totales, slots_disponibles, tipo_cita) VALUES
(1,1,'2026-07-01','08:00:00',10,5,'presencial'),(2,1,'2026-07-01','09:00:00',10,3,'presencial'),
(3,2,'2026-07-02','10:00:00',8,8,'teleconsulta'),(4,2,'2026-07-02','11:00:00',8,2,'presencial'),
(5,3,'2026-07-03','08:30:00',6,6,'presencial'),(6,3,'2026-07-03','09:30:00',6,1,'teleconsulta'),
(7,4,'2026-07-04','07:00:00',12,12,'presencial'),(8,4,'2026-07-04','08:00:00',12,4,'presencial'),
(9,5,'2026-07-05','10:00:00',5,5,'teleconsulta'),(10,5,'2026-07-05','11:00:00',5,0,'presencial'),
(11,6,'2026-07-06','08:00:00',10,7,'presencial'),(12,6,'2026-07-06','09:00:00',10,3,'teleconsulta'),
(13,7,'2026-07-07','10:30:00',8,8,'presencial'),(14,7,'2026-07-07','11:30:00',8,5,'presencial'),
(15,8,'2026-07-08','09:00:00',6,2,'teleconsulta'),(16,8,'2026-07-08','10:00:00',6,6,'presencial'),
(17,9,'2026-07-09','08:00:00',10,10,'presencial'),(18,9,'2026-07-09','09:00:00',10,4,'teleconsulta'),
(19,10,'2026-07-10','07:30:00',5,5,'presencial'),(20,10,'2026-07-10','08:30:00',5,1,'presencial'),
(21,11,'2026-07-11','10:00:00',8,8,'presencial'),(22,11,'2026-07-11','11:00:00',8,3,'teleconsulta'),
(23,12,'2026-07-12','09:00:00',6,6,'presencial'),(24,12,'2026-07-12','10:00:00',6,2,'presencial'),
(25,13,'2026-07-13','08:00:00',10,5,'teleconsulta'),(26,13,'2026-07-13','09:00:00',10,0,'presencial'),
(27,14,'2026-07-14','10:00:00',8,7,'presencial'),(28,14,'2026-07-14','11:00:00',8,8,'teleconsulta'),
(29,15,'2026-07-15','09:30:00',5,3,'presencial'),(30,15,'2026-07-15','10:30:00',5,5,'presencial');

-- CITAS
INSERT INTO citas (id_paciente, id_cupo, tipo_cita, estado_cita, tipo_usuario) VALUES
(1,1,'presencial','confirmada','titular'),(2,2,'presencial','pendiente','titular'),
(3,3,'teleconsulta','confirmada','titular'),(4,4,'presencial','cancelada','titular'),
(5,5,'presencial','confirmada','titular'),(6,6,'teleconsulta','pendiente','titular'),
(7,7,'presencial','confirmada','titular'),(8,8,'presencial','atendida','titular'),
(9,9,'teleconsulta','confirmada','titular'),(10,10,'presencial','cancelada','titular'),
(11,11,'presencial','confirmada','titular'),(12,12,'teleconsulta','pendiente','titular'),
(13,13,'presencial','atendida','titular'),(14,14,'presencial','confirmada','titular'),
(15,15,'teleconsulta','pendiente','titular'),(16,16,'presencial','confirmada','titular'),
(17,17,'presencial','atendida','titular'),(18,18,'teleconsulta','cancelada','titular'),
(19,19,'presencial','confirmada','titular'),(20,20,'presencial','pendiente','titular'),
(21,21,'presencial','confirmada','titular'),(22,22,'teleconsulta','atendida','titular'),
(23,23,'presencial','pendiente','titular'),(24,24,'presencial','confirmada','titular'),
(25,25,'teleconsulta','cancelada','titular'),(26,26,'presencial','confirmada','titular'),
(27,27,'presencial','atendida','titular'),(28,28,'teleconsulta','pendiente','titular'),
(29,29,'presencial','confirmada','titular'),(30,30,'presencial','pendiente','titular');

-- MEDICAMENTOS
INSERT INTO medicamentos (nombre, presentacion, concentracion) VALUES
('Paracetamol','Tableta','500mg'),('Ibuprofeno','Tableta','400mg'),
('Amoxicilina','Cápsula','500mg'),('Metformina','Tableta','850mg'),
('Atorvastatina','Tableta','20mg'),('Losartán','Tableta','50mg'),
('Omeprazol','Cápsula','20mg'),('Azitromicina','Tableta','500mg'),
('Ciprofloxacino','Tableta','500mg'),('Metronidazol','Tableta','500mg'),
('Diclofenaco','Tableta','50mg'),('Dexametasona','Ampolla','4mg/ml'),
('Ranitidina','Tableta','150mg'),('Clonazepam','Tableta','0.5mg'),
('Sertralina','Tableta','50mg'),('Enalapril','Tableta','10mg'),
('Furosemida','Tableta','40mg'),('Salbutamol','Inhalador','100mcg'),
('Insulina NPH','Inyectable','100UI/ml'),('Levotiroxina','Tableta','50mcg'),
('Prednisona','Tableta','20mg'),('Cetirizina','Tableta','10mg'),
('Tramadol','Cápsula','50mg'),('Warfarina','Tableta','5mg'),
('Amlodipino','Tableta','5mg'),('Pantoprazol','Tableta','40mg'),
('Claritromicina','Tableta','500mg'),('Fluoxetina','Cápsula','20mg'),
('Alprazolam','Tableta','0.25mg'),('Vitamina D3','Cápsula','2000UI');

-- RECETAS
INSERT INTO recetas (id_cita, id_paciente, estado_dispensacion, observaciones) VALUES
(1,1,'dispensada','Tomar con alimentos'),(2,2,'pendiente','Evitar alcohol'),
(3,3,'dispensada','Completar el tratamiento'),(5,5,'pendiente','Reposo relativo'),
(7,7,'dispensada','Controlar presión'),(8,8,'dispensada','Revisión en 15 días'),
(9,9,'pendiente','No manejar'),(11,11,'dispensada','Tomar en ayunas'),
(13,13,'dispensada','Hidratación constante'),(14,14,'pendiente','Dieta baja en sal'),
(16,16,'dispensada','Controlar glucosa'),(17,17,'dispensada','Evitar sol directo'),
(19,19,'pendiente','Tomar por 7 días'),(21,21,'dispensada','Reposo absoluto'),
(22,22,'dispensada','Reducir grasas'),(24,24,'pendiente','Tomar con agua'),
(26,26,'dispensada','No suspender sin consultar'),(27,27,'dispensada','Controlar peso'),
(29,29,'pendiente','Revisión en 30 días'),(30,30,'pendiente','Dieta balanceada'),
(4,4,'pendiente','Observación continua'),(6,6,'pendiente','Vigilar efectos'),
(10,10,'pendiente','Control semanal'),(12,12,'dispensada','Monitoreo diario'),
(15,15,'pendiente','Evitar esfuerzos'),(18,18,'pendiente','Consulta de seguimiento'),
(20,20,'pendiente','Tomar antes de dormir'),(23,23,'dispensada','Control mensual'),
(25,25,'pendiente','Hidratación oral'),(28,28,'dispensada','Reposo y dieta');

-- RECETA_DETALLE
INSERT INTO receta_detalle (id_receta, id_medicamento, dosis, frecuencia, duracion_dias, cantidad) VALUES
(1,1,'500mg','Cada 8 horas',5,15),(1,7,'20mg','Una vez al día',30,30),
(2,2,'400mg','Cada 12 horas',7,14),(2,8,'500mg','Una vez al día',3,3),
(3,3,'500mg','Cada 8 horas',7,21),(4,11,'50mg','Cada 12 horas',5,10),
(5,5,'20mg','Una vez al día',30,30),(6,16,'10mg','Una vez al día',30,30),
(7,14,'0.5mg','Una vez al día',30,30),(8,4,'850mg','Cada 12 horas',30,60),
(9,18,'2 puffs','Cada 6 horas',15,1),(10,6,'50mg','Una vez al día',30,30),
(11,20,'50mcg','En ayunas',30,30),(12,15,'50mg','Una vez al día',30,30),
(13,9,'500mg','Cada 12 horas',7,14),(14,26,'40mg','Una vez al día',30,30),
(15,21,'20mg','Una vez al día',10,10),(16,19,'10UI','Según glucemia',30,1),
(17,25,'5mg','Una vez al día',30,30),(18,17,'40mg','Una vez al día',30,30),
(19,10,'500mg','Cada 8 horas',5,15),(20,22,'10mg','Una vez al día',30,30),
(21,30,'2000UI','Una vez al día',60,60),(22,24,'5mg','Una vez al día',30,30),
(23,27,'500mg','Cada 12 horas',7,14),(24,28,'20mg','Una vez al día',30,30),
(25,23,'50mg','Cada 8 horas',3,9),(26,13,'150mg','Cada 12 horas',30,60),
(27,12,'4mg','Dosis única',1,1),(28,29,'0.25mg','Una vez al día',30,30),
(29,1,'500mg','Cada 8 horas',5,15),(30,2,'400mg','Cada 12 horas',7,14);

-- REFERENCIAS
INSERT INTO referencias (id_paciente, id_establecimiento_origen, id_establecimiento_destino, id_especialidad, estado_referencia) VALUES
(1,5,1,2,'pendiente'),(2,6,1,5,'aceptada'),(3,10,7,11,'pendiente'),
(4,12,11,3,'rechazada'),(5,14,13,4,'aceptada'),(6,16,15,6,'pendiente'),
(7,18,17,9,'aceptada'),(8,20,19,8,'pendiente'),(9,22,21,13,'aceptada'),
(10,24,23,7,'pendiente'),(11,5,1,2,'aceptada'),(12,6,2,10,'pendiente'),
(13,10,7,15,'aceptada'),(14,12,11,1,'pendiente'),(15,14,13,12,'aceptada'),
(16,16,15,16,'pendiente'),(17,18,17,18,'aceptada'),(18,20,19,14,'pendiente'),
(19,22,21,19,'aceptada'),(20,24,23,17,'pendiente'),(21,5,1,11,'aceptada'),
(22,6,2,3,'pendiente'),(23,10,7,5,'aceptada'),(24,12,11,4,'pendiente'),
(25,14,13,9,'aceptada'),(26,16,15,2,'pendiente'),(27,18,17,6,'aceptada'),
(28,20,19,8,'pendiente'),(29,22,21,13,'aceptada'),(30,24,23,7,'pendiente');

-- REGISTRO_VACUNAS
INSERT INTO registro_vacunas (id_paciente, nombre_vacuna, tipo_carne, dosis, fecha_aplicacion, id_establecimiento) VALUES
(1,'COVID-19 Pfizer','adulto','1ra dosis','2021-04-10',1),
(2,'COVID-19 AstraZeneca','adulto','2da dosis','2021-07-15',2),
(3,'Influenza','adulto','Dosis anual','2025-04-01',3),
(4,'Hepatitis B','adulto','1ra dosis','2022-01-20',4),
(5,'Sarampión','niño','1ra dosis','2023-06-12',5),
(6,'COVID-19 Moderna','adulto','Refuerzo','2022-11-05',6),
(7,'Neumococo','adulto mayor','Dosis única','2023-09-18',7),
(8,'Varicela','niño','1ra dosis','2024-02-28',8),
(9,'Fiebre Amarilla','adulto','Dosis única','2022-03-14',9),
(10,'Hepatitis A','adulto','1ra dosis','2023-07-22',10),
(11,'DPT','niño','Refuerzo','2024-05-10',11),
(12,'BCG','recién nacido','Dosis única','2023-12-01',12),
(13,'Rotavirus','niño','1ra dosis','2024-01-15',13),
(14,'Influenza','adulto','Dosis anual','2025-04-05',14),
(15,'COVID-19 Pfizer','adulto','2da dosis','2021-08-20',15),
(16,'Hepatitis B','adulto','2da dosis','2022-04-10',16),
(17,'Polio','niño','3ra dosis','2023-11-25',17),
(18,'Meningococo','adulto','Dosis única','2024-03-08',18),
(19,'VPH','adolescente','1ra dosis','2023-08-30',19),
(20,'COVID-19 AstraZeneca','adulto','1ra dosis','2021-06-01',20),
(21,'Influenza','adulto mayor','Dosis anual','2025-03-15',21),
(22,'Sarampión','niño','2da dosis','2024-06-20',22),
(23,'DPT','niño','1ra dosis','2024-07-10',23),
(24,'Hepatitis A','adulto','2da dosis','2024-01-22',24),
(25,'Varicela','niño','2da dosis','2024-09-05',25),
(26,'COVID-19 Pfizer','adulto','Refuerzo','2023-01-18',26),
(27,'Fiebre Amarilla','adulto','Dosis única','2023-05-27',27),
(28,'Neumococo','adulto mayor','Dosis única','2024-11-03',28),
(29,'VPH','adolescente','2da dosis','2024-02-14',29),
(30,'BCG','recién nacido','Dosis única','2024-08-09',30);
